UNIQUE_CARRIER_NAME,UNIQUE_CARRIER
Mackey International Inc.,MAC
Munz Northern Airlines Inc.,XY
Cochise Airlines Inc.,COC
Golden Gate Airlines Inc.,GSA
Aeromech Inc.,RZZ
Golden West Airlines Co.,GLW
Puerto Rico Intl Airlines,PRN
Air America Inc.,STZ
Swift Aire Lines Inc.,SWT
American Central Airlines,TSF
Valdez Airlines,VEZ
Southeast Alaska Airlines,WEB
Altair Airlines Inc.,AAR
Chitina Air Service,CHI
Marco Island Airways Inc.,MRC
Caribbean Air Services Inc.,OHZ
Sundance Airlines,PRO
Seair Alaska Airlines Inc.,SAI
Southeast Airlines Inc.,SLZ
Alaska Aeronautical Indust.,AAZ
Imperial Airlines Inc.,IMP
Trans Western Airlines Utah,TWA
Wright Airlines Inc.,WRT
Presidential Express,COL
Mississippi Valley Airlines,MVA
Channel Flying Inc.,CHL
Rocky Mountain Airways Inc.,JCZ
Midstate Airlines Inc.,MIS
Sedalia Marshall Boonvl Stg,STG
Inlet Airlines,CKI
Command Airways Inc.,CMD
Emerald Airlines,EMA
Orion Air Inc.,ORI
Pan Am Express,RAN
Air Micronesia Inc.,AJ
Sunbird Inc.,SKI
Wings West Airlines,WWI
Southcentral Air Inc.,AND
Air Cargo Express Inc.,ACG
Associated Aviation Act.,AAA
Antilles Air Boats Inc.,AAB (1)
AAA Airlines,AAE
Argosy Air Lines Inc.,AAL
Air Bahia,ABH
Airbama Incorporated,ABI
Aeronaves Boringuena Inc.,ABO
Alaska Central Airways Inc.,ACA
Island Airlines Hawaii Inc.,ACH
AAA-Action Air Carrier Inc.,ACI
Air Cargo Enterprises Inc.,ACO
Air Chaparral Inc.,ACP
Alamo Commuter Airlines,ACS
Air Central Inc. (1),ACT
Air Central Inc.,ACK
Astec Air East Inc.,AEC
American Flag Airlines Inc.,AFA
Air Cargo America Inc.,AGA
All Island Air,AIA
Air Express Inc.,AIE
Air Mont. Inc.,AIM
Air Indiana,AIN
Air-Lift Associates Inc.,ALE
Brandt Air,ALI
All Seasons Air Pacific,ALL
North American Airlines Inc.,AMA
American Inter-Island Inc.,AMI
Air Nebraska Inc.,ANB
Airways Of New Mexico Inc.,ANM
Metro Air Northeast Vermont,ANO
Air North/Nenana,ANT
Trans New York,AOI
Arizona Pacific Inc.,API
Appalachian Flying Service,APL
Air Polynesia Inc.,APY
Arizona Aero Corp.,ARI
Arnold Aviation,ARN
Air Oregon,ARO
Arrowhead Airways Inc.,ARR
Amistad Airlines,ASD
Alpine Air Services Inc.,ASI
Asap Air Inc.,ASP
Astro Airways,AST
Air Atlantic Airlines Inc.,ATN
Pacific National Airways,ATO
Atlantis Airlines Inc.,ATS
Aerotransit Inc.,ATT
Air Carolina,ATX
Air Vectors Airways,AVA
Aero Virgin Islands Corp.,AVI
Aviation Services,AVS
Southern Jersey Airways,AVZ
Business Aircraft Corp.,BAC
Brennan & Hargreaves Inc.,BAH
Bankair Inc.,BAK
Bard-Air Corp.,BAR
Baja Cortez Airlines,BCA
Bennington Aviation Inc.,BEN
Beyer Aviation,BEY
Blackhawk Airways Inc.,BHK
Bighorn Airways Inc.,BHO
Birchwood Air Service,BIR
Bremerton Aviation Inc.,BMT
Boise Air Service,BOA
Brower Airways Inc.,BRO
Burlington Airways Inc.,BUR
Coleman Air Transport,CAC
Crawford Aviation Inc.,CAI
C & M Airlines,CAM
Metro Air Northeast N Y,CAP
Catalina Airlines Inc.,CAT
Air Virginia,CAV
Carriba Air Inc.,CBA
Cen-Tex Airlines Inc.,CEN
Century Airlines (Cal),CET
Chandler Flyer,CHD
Charter Airlines,CHE
Hammonds Commuter Air Serv.,CHF
Choi Aviation Inc.,CHO
Christman Air System,CHS
Cal Sierra Airlines,CIS
Centennial Airlines,CNN
Cotton Belt Aviation Inc.,COB
Coker Aviation Inc.,COK
Commutair,COM
Coral Air Inc.,COR
Cosmopolitan Comm. Airline,COS
Southeastern Commuter,COT
Courtesy Air Service Inc.,COU
Capitol Air Lines,CPA
Coastal Plains Commuter Inc.,CPC
Commuter Airlines,CRA
Crown Aviaiton Inc.,CRN
Crown Airways Inc.,CRO
Crested Butte Air Service,CRT
Catskill Airways Inc.,CSK
Century Airlines,CTA
Cothron Aviation,CTH
Catalina-Vegas Airlines,CVA
Danbury Airlines,DAN
Downeast Airlines Inc.,DEA
Decatur Aviation,DEC
DHL Airlines Inc.,DHL
Dickman Aviation Services,DIC
Desert Pacific Airways,DPA
Desert Pacific Airlines Inc.,DPI
Desert Airlines,DST
Executive Aviation Inc.,EAI
Eastern Caribbean Airways,EAS
Eastern Carolina Aviation,ECI
Ede Aire,EDE
Executive Four Winds,EFA
Eagle Commuter Airlines Inc.,EGL
East Hampton Aire Inc.,EHA
East. Indiana Aviation Sale,EIA
Air Pacific Inc.,EKA
Erie Airways Inc.,ERI
Empire Aero Service,ERO
Evanston Aviation,EVA
Federal Armored Service Inc.,FAR
Young Flying Service,FBI
Southern Airlines Inc.,FCA
Florida Airlines Inc.,FDA
Freedom Airlines Inc.,FDM
Flamenco Airways Inc.,FLM
Ford-Aire Inc.,FOR
Foster Aviation,FOS
Skycraft Inc.,FVA
Far West Airlines,FWA
General Aviation Inc.,GAS
Gromer Aviation Inc.,GAV
Central States Airline,GBA
Golden Carriage Aire,GCA
Midway Commuter,GCS
Green Hills Aviation Ltd.,GHA
Green Mountain Airlines Ltd.,GMA
Copper State Airlines,GOF
Isle Royale Seaplane Serv.,GRO
Golden South Airlines Inc.,GSL
Gull Air Inc.,GUL
Gunnel Aviation Inc.,GUN
Ross Aviation Inc.,GWE
Heussler Air Service Corp,HEU
Hensley Flying Service Inc.,HFS
Long Island Airlines,HMZ
Holiday Airlines Inc.,HOL
Iowa Airlines,HOR
Pacific Coast Airlines,HPZ
Trans-National Airlines Haw,HRA
Scenic Airlines Inc.,HSZ
Skystream Airlines,HUB
Hawking Corporation,HWK
Hyannis Aviation,HYA
Iowa City Flying Service,ICF
Idee Industries Inc.,III
Inland Empire Airlines Inc.,INA
Indiana Airways Inc. (Pa),IND
Indo-Pacific International,IPI
Island Airlines,ISL
Sunbelt Airlines Inc.,JAM
Air Chico,JCM
Jer-Don Air,JER
Knight Airlines Inc.,KAI
Key Airlines,KEE
Crown Air,KWZ
Chaparral Airlines Inc.,KXZ
Lancer Aviation Inc.,LAN
Lawrence Aviation,LAW
Havasu Airlines,LHA
Lakeland Aviation,LLA
Aero Commuter,LOS
Las Vegas Airlines,LVA
Magum Airlines,MAG
The Maui Commuter,MAI
Marshall's Air Inc.,MAR
Maxair Inc.,MAX
Mid Continental Airlines In,MCO
Metro Airlines,MDU
Metroplex Airlines,MET
Midway Aviation Inc.,MIY
Miller Air Transportersinc,MLL
Ocean Airways Inc.,MMH
Cumberland Airlines,MNZ
Merrimack Aviation Inc.,MRR
Midwest Aviation,MST
Arkansas Traveler Airline,MTA
Metroflight Airlines,MTR
National Air Commuter Inc.,NAC
New Born Wings Inc.,NEB
Nor East Commuter Airlines,NEC
Nevada Airlines,NEV
Northern Eagle Airways Inc.,NGL
Newair Flight Inc.,NHA
N. J. Merrimack Airlines,NJA
E. J. A. Newport Inc.,NPT
Northaire,NTH
Lake State Airways,NUM
New York Helicopter Corp.,NYH
Harbor Airlines Inc.,OAK
Ocean Reef Airways Inc.,OCR
Offshore Logistics,OFF
Omaha Aviation,OHA
Corporate Air Inc.,OIZ
Omak Aviation Airlines,OMK
Omni Pacific Airline,OMN
Sun Aire Lines,OOZ
Air Kentucky Air Lines,OWS
Permian Airways Inc.,PAI
Provincetown Boston,PBA
Piasa Commuter Airlines,PCA
Trans Southern Airways,PDA
Pearson Aircraft,PEA
Air Pennsylvania,PER
Petro Aviation Corp.,PET
Phillips Airlines,PHL
Phoenix Airlines,PHX
Pacific Island Airways,PIA
Planes Inc.,PLA
Polar Airways Inc.,PLZ
Pacific Missionary Aviation,PMA
Pioneer Airways,PNR
Pocono Airlines Inc.,POC
Pompano Airways,POM
Ponderosa Aviation Inc.,PON
Princeton Aviation Corp,PRA
Pro Air Services,PRR
Precision Valley Aviation,PVA
Bar Harbor Airways,QOZ
Royal-Air Ltd.,RAL
Realwest Airlines,REA
Aerosun International Airlines Inc.,RED
Royal Hawaiian Airways Inc.,RHA
Richardson Aviation,RIC
Indiana Airways Inc. (Reid,RID
Rio Airways Inc.,RIO
Riverside Air Service,RIV
Michigan Airways Inc.,RJS
Roederer Aviation Inc.,ROE
Royal American Airways Inc.,ROY
Air Rovers Inc.,RWG
Sajen Air Inc.,SAJ
Samoan Airlines Inc.,SAM
Air Cortez International,SAS
Air Americana,SAX
Saber Aviation Inc.,SBA
Suburban Airlines,SBN
Seaco Airlines Inc.,SCO
Skyline Airlines,SCT
South Coast Airways,SCY
Semo Aviation Inc.,SEM
Stahmannfarms Inc.,SFI
Sfo Helicopter Airlines Inc.,SFO
Sierra Flite Service Inc.,SFS
Shasta Air Inc.,SHS
Shavano Air Inc.,SHV
Silver State Airlines,SIA
San Juan Airlines Inc.,SJA
Bas Airlines,SKL
Scheduled Skyways,SKM
Stopher Mechanical Inc.,SMC
Gelco Courier Services Inc.,SNC
Shawnee Airlines,SNE
Mall Airways Inc.,SOA
Soonair Lines Inc.,SOL
Springfield Air Service,SPF
Sterling Air Service,SRL
Southern Seaplane,SSP
Sierra Express Inc.,SSS
Seaplane Shuttle Transport,SST
Trans East International,STF
Star Aviation Corporation,STR
Sun International Airways,SUI
Sunbelt,SUT
Sun Valley Airlines,SVL
Sunwest Airlines,SWA
Air Colorado,TAC
Tejas Airlines Inc.,TAL
Yosemite Airlines Inc.,TAS
Trans Catalina Airlines,TCA
Oceanair Line,TCE
Trans California Airlines,TCI
Trans-Central Airlines Inc.,TCL
Trans-Colorado Airlines,TCO
Tennessee Airways Inc.,TEN
Terre Haute Air Commuter,TER
Thorson Aviation,THO
Trans Air Inc.,TIA
Skyfreight,TIS
Trans Mo Airlines,TMA
Transtate Aviation,TNS
Trans Pennsylvania Airlines,TRP
Trans Sierra Airlines Inc.,TSI
Tulsair Beechcraft Inc.,TUL
Temsco Airlines,TYE
Universal Airways Inc.,UAI
Air U.S.,USA
Vagabond Aviation Inc.,VAG
Britt Airlines Inc.,VER
Viking Express,VIG
Vale International Airlines,VIN
Valley Airlines,VLY
Air East Airlines,WAC
Walker's International,WCA
Mountainwest Airlines,WCI
Western Star Airlines Inc.,WES
Western Charter Inc.,WET
Wheeler Airlines,WFS
Wisc Air,WIA
Will's Air,WIL
Wings Airways,WNG
Mcphillips Flying Service,ZFZ
Air New Mexico,ZIA
Winnipesaukee Aviation Inc.,ZMZ
Skyway Aviation Inc.,ZYZ
P.S. Air Freight Inc.,PSA
Reeve Aleutian Airways Inc.,RV (1)
Northwest Airlines Inc.,NW
Wien Air Alaska Inc.,WC
Southern Airways,FTI
Air Florida Inc.,QH
Air California Inc.,OC
Pacific Southwest Airlines,PS (1)
Rich International Airways,RIQ
Southwest Airlines Co.,WN
Mid-South Aviation Inc.,VL
Mid-South Aviation Inc. (1),RCA
Sky West Aviation Inc.,QG
Republic Airlines Inc.,RC
Dauphin Island Airways,DAU
New York Air Inc.,NY
Global International Airways Corp.,GIQ
Colgan Airways Inc.,CJ
Overseas National Airways,UNQ
Flight International,PTQ
Academy Airlines,ACD
Check-Air Inc.,ACL
Transwest Air Express,ACW
Airgo Inc.,AIG
American Air Transport,AMT
Bo-S-Aire Airlines Inc.,BOI
Combs Airways Inc.,CMB
Summit Airlines Inc.,DUZ
Eagle Aviation Inc.,EEZ
Falwell Aviation Inc.,FAA
Falcon Airways Inc.,FAC
Pinehurst Airlines Inc.,PHR
Great Western Airlines Inc.,ROS
Air Freight Express,RRT
S. S. Airways Inc.,SSA
Aero Union Corp,XAA
Air Express International Airlines,XAC
Central American International,XAJ
Michigan Peninsula Airways,XAT
WTC Airlines,XBF
Profit Airlines Inc.,XBH
CF Air Freight,XBI
International Air Service,XBJ
Aeronaves De Puerto Rico,XBQ
Allstates Air Cargo Inc.,XBR
Cam Air International Inc.,XAQ
Purolator Sky Courier Inc.,XAZ
Circle Airfreight Corp.,XBP
Pacific Alaska Airlines Inc.,XBT
Icb International Airlines,XBX
Cohlmia Aviation,XAM
Amerford Airways Inc.,XAE
Astro-Wing Airlines Inc.,XAF
Ball Brothers Inc.,XAG
Burlington Northern Inc.,XAI
Century Airlines Inc.,XAK
Dallas Flight Center,XAO
Jet Way Inc.,XAR
Klondike Air Inc.,XAS
Pat Air,XAY
Phh Air Inc.,XBM
Flight Line Inc.,XAU
Viking International Airlines Inc.,CGL
Capitol International Inc.,CL
Air Caravane Inc.,AEQ
Argo S. A.,AGQ
Norontair,AIQ
Alberta Northern Airlines,ALQ
Aviacion Y Comercio S.A.,AO
Air Bvi Limited,BLQ
Spantax S. A.,BXQ
Dan Air Services,DA
Maersk Air I/S,DM
Aerolineas Dominicanas S A,DOQ
Caribwest Airways Ltd.,DQQ
Execaire Aviation Ltd.,EBQ
Aero Trades (Western) Ltd.,ERQ
Fast Air Carrier Ltd. (1),FAQ
Business Flights Ltd.,HIQ
Tar Airlines,HRQ
Transavia Holland B. V.,HVQ
Iscargo Hf,ICQ
Tradewinds Airways Ltd.,IKQ
Aerlinte Eireann Teoranta,IN
Iran National Airlines Corp,IR
Inair,IXQ
Allarco Developments Ltd.,JXQ
Transmeridian Air Cargo Ltd.,KKQ
Kelowna Flightcraft Air Cha,KWQ
Liat (1974) Limited,LIQ
Millardair Limited,MAQ
Montana Austria Flugetrieb,MGQ
P.N. Merpati Nusantara Air.,MZ
North Cariboo Flying Serv.,NFQ
Norcanair,NKQ
Northward Airlines Ltd.,NN
North Coast Air Services,NSQ
National Aviation Consult.,NTQ
Air Niugini,NUQ
Nunasi-Central Airlines Ltd.,ONQ
Ontario Worldair Limited,OWQ
Pem-Air Limited,PD (1)
Eastern Provincial Airways,PV
Pacific Western Airlines,PW
Inter-Quebec (Intair),QB
Syrian Arab Airlines,RB
Aerotransportes Entre Rios,RSQ
Redcoat Air Cargo Limited,RY
Skycharter (Malton) Ltd.,SJQ
Superior Airways Limited,SSQ
Belize Airways Limited,ST
Skycraft Air Transport Inc.,STQ
Trans-Mediterranean Airways,TLQ
British Caribbean Airways,TXQ
Air Manila Inc.,UMQ
Avalon Aviation Ltd.,VOQ
Wardair Canada Inc.,WDQ
Gateway Aviation Limited,WGQ
Windward Islands Airways,WM
Nal Inc.,XBV
Yellow Bird Air,YBQ
Air Europe Limited,AE
Intair,ND
Yugoslav Airlines,JU (1)
Union De Transports Aeriens,UT
Air Haiti S. A.,HJ
Servicio Aereo De Honduras,SH
Sterling Airways A/S,NBQ
Aerolineas El Salvador S A,SZQ
Transp. Aereos Bolivianos,BOQ
Aeronaves Del Peru,ADQ
Compania Dominicana De Avia,DO
Nigeria Airways Ltd.,WT
Lineas Aereas Paraguayas,PZ
Lufthansa Cargo Airlines,GE
Venezuelan International Airways,VA (1)
Andes,ED
Compan. De Aviacion Faucett,CF
Aviateca,GU
Canadian Airlines International Ltd.,CP (1)
Guyana Airways Corporation,GY
Seagreen Air Transport,ESQ
Air Nauru,ON
Aero Peru,PL
Balair Ag,BBQ
Sabena Belgian World Air.,SN (1)
Air Afrique,RK
Air Canada,AC
Compagnie Natl Air France,AF
National Aviation Company of India Limited d/b/a Air India,AI
Aeromexico,AM
Aerolineas Argentinas,AR
Royal Air Maroc,AT
Aerovias Nacl De Colombia,AV
Finnair Oy,AY
Compagnia Aerea Italiana,AZ
British Airways Plc,BA
British Midland Airways Ltd.,BD
Caribbean Airlines Limited,BW
Air China,CA
China Airlines Ltd.,CI
Cargolux Airlines International S.A,CV
Icelandair,FI
Iberia Air Lines Of Spain,IB
Japan Air Lines Co. Ltd.,JL
Air Jamaica Limited,JM
Korean Air Lines Co. Ltd.,KE
Klm Royal Dutch Airlines,KL
Lan-Chile Airlines,LA
Lloyd Aereo Boliviano S. A.,LB
Lufthansa German Airlines,LH
Polskie Linie Lotnicze,LO
Lacsa,LR
Luftransport-Unternehmen,LT
El Al Israel Airlines Ltd.,LY
Compania Mexicana De Aviaci,MX
N. W. Territorial Airways,NWQ
Olympic Airways,OA
Polynesian Airlines Ltd.,PH
Pakistan International Airlines,PK
Philippine Airlines Inc.,PR
Surinam Airways Limited,PY
Qantas Airways Ltd.,QF
Varig S. A.,RG
Alia-(The) Royal Jordanian,RJ
Tarom Romanian Air Transpor,RO
South African Airways,SA
Scandinavian Airlines Sys.,SK
Singapore Airlines Ltd.,SQ
Aeroflot Russian Airlines,SU
Taca International Airlines,TA
Thai Airways International Ltd.,TG
Tap-Portuguese Airlines,TP
Bahamasair Holding Limited,UP
Transtar Airlines Corp.,MC
Heavylift Cargo Airlines Lt,HLQ
Ladeco,UC
Altus Airlines,ALT
Atlantic Air,ANC
Aero International Airlines,BAA
Northern Star,DIR
Skytrain,SKT
Trans Air Cargo Inc.,TGO
T-Bird Air Inc.,THQ
Royal West Airways Inc.,ROA
Air East Of Delaware Inc.,AED
Atlanta Express,ALX
Air New Orleans,AOR
Air Vermont Inc.,AVR
Dolphin Airways Inc.,DOL
Devoe Airlines,DVO
Golden Pacific Airlines,KIN
National Florida Airlines,NFA
Slocum Air Inc.,SLO
State Airlines Inc.,STA
Air Molakai,TRO
Williams Air Inc.,WIR
Mission Air,WSU
Guy-America Airways Inc.,HX (1)
Pacific Express,VB (1)
Northeastern International Airways,QS (1)
Friendship Air Alaska,HAR
Minuteman Aviation Inc.,MIN
Virgin Islands Seaplane,VIS
Flying Tiger Line Inc.,FT
Aerocondor,OD (1)
Emerald Airlines Inc.,OD
Northern Airlines Inc.,NRN
Pacific East Air Inc.,6P
Jet Charter Service Inc.,TJ
Aeroservicios Ecuatorianos,EOQ
Arista International Airlines Inc.,RAQ
Kuwait Airways Corp.,KU
Burlington Aeroplane Co.,BAY
Desert Sun Airlines,DSA
Lake Union Air Service,LAS
Aer Turas Teoranta,QTQ
Aero B Venezuela C.A.,AFQ
Air Ontario Limited,GX
Aer Lingus Plc,EI
Saudi Arabian Airlines Corp,SV
Air Polynesia d/b/a DHL Cargo,XAB
Air Natl Aircraft Sal & Ser,XBZ
A/S Conair,CIQ
Dash Air Corporation,ANI
Air Resorts Airlines,ARA
Manu'a Air Transport,MUA
Pacific Cal Air,PCL
Service Aviation Inc.,SER
The Time Machine,TTM
Servicio De Carga Aerea Sa,CMQ
Hapag Lloyd Flug.,HAQ
Air One Inc.,CB
Middle East Airlines S.A.L.,ME
Arcata Flying Service,AFS
Grand Canyon Airlines,GRD
Kodiak Airways Inc.,KOD
Mid-Atlantic Exp. Airlines,MAE
National Commuter Airlines,NCA
Sundorph Aeronautical Corp.,SAC
Waring Air,WAR
All Star Airlines Inc.,EP
Aeron International Airlines Inc.,AXQ
Jet Fleet Intl. Airlines,JIQ
Markair Express,HER
Alaska Island Air Inc.,LSZ
Air Sunshine Inc.,AAT
Eastman Airways Inc.,EAT
Spirit Helicopter,SPH
Air National,AHQ
Executive Charter,EXC (1)
Aviation Associates,SNA
Airmarc Airlines Inc.,ARM
Panorama Air Tours,PAT
Trans-Air-Link Corporation,TKQ
Audi Air Inc.,AAI
Galaxy Airlines Inc.,GAQ
Intl Air Service Co. Ltd.,IDQ
Transbrasil S.A.,TR (1)
Hawkins And Powers Aviation,XCA
Jet East Inc.,XBC
Air Sedona,ARS
Caribbean Express Inc.,CRE
Tri-State Airlines Inc.,TFZ
Frontier Horizon Inc.,FH
Aermediterranea S.P.A.,AWQ
Markair Inc.,BF
Air Tungaru Corporation,VK
Resort Airlines Inc.,RES
Alpine Air,AAV
Americair Inc.,AME
Airspur Helicopters Inc.,ARP
Silver Kris Services Ltd.,SKS
Buffalo Airways Inc.,BFQ
Aloha Airlines Inc.,AQ
Air Spirit Inc.,APS
Metro Express,EME
Frontier Commuter,FRT
Virgin Atlantic Airways,VS
Airmark Corporation,MKQ
Independent Air Inc.,INQ
Aerial Transit Company,TPQ
Westflight Aviation,WFT
Horizon Air,QX
Midway Express Airlines,2M
St. Lucia Airways Limited,SDQ
Hawaiian Airlines Inc.,HA
Pacific Air Express Inc.,XDA
Trump Air,RIA
North Pacific Airlines Inc.,NPA
Flirite Inc.,FLR
Talarik Creek Air Taxi,TAT
Royale Airlines Inc.,RAY
Worldways Canada Ltd.,WWQ
Air Charter (Safa),AQQ
Samoa Airlines Inc.,MB
Alpha Air,APH
Jetaire Airlines Inc.,JTA
Haiti Air,KB
Harbor Air Service,HSV
Continental Air Lines Inc.,CO
Interstate Airlines Inc.,IRQ
Hawaii Pacific Helicopters,CLD
Eastern Air Lines Inc.,EA
Chisum Flying Service,CSM
AvAir,AMR
Armstrong Air Service Inc.,AAP
Eagle Airline,EGA
Business Express Airlines,BEA
Alliance Airlines,ACN
Astor Air,ASR
West Penn Commuter,BAT
Barken International,BRK
Commuter Airlines (Ca),CMR
Cresent Medivac,CRH
Coastal Air Transport,CTL
Exec Express,EEX
La Skycab Airline,LAA
National Air,NAT
Omniflight Airways,OMI
Southern Express Airways,SEP
Turner Aire,TUR
AAR Western Skyways,WSK
Skybus Inc.,FW
Caicos Caribbean Airways,CUQ
Jet Express,BDE
Regent Air Corporation,4R
Westates Airlines,WTA
Action Airlines,AON
California Seaboard,CAF
Enterprise Airlines Inc.,ENT
Island Air Express,IEX
Maui Airlines,MAA
Metro Express 11,MEX
Otter Air,OTT
Prime Air Inc.,PRM
Sallee's Aviation,SAL
Wrangell Air Service,WGL
Atlantic Gulf Airlines,ZY
Skyworld Airlines Inc.,PKQ
Presidential Airways Inc.,XV
Caribbean Air Cargo Co Ltd.,DC
P.T. Garuda Indonesian Arwy,GA
Egyptair,MS
Bay Air,BYA
Five Star Airlines,FFQ
King Flying Service,KFS
Le Point Air,LEQ
Barrow Air,BRW
Big Island Air,BIA
Cityhop,CCA
GP Express Airlines,GPA
Iowa Airways,IOW
Mountain West Airlines,MWA
Resort Commuter,RSC
Texas National Airlines,TXA
Air Hawaii,AHC
Aerotal,XK
Air L.A.,ALS
Aero Coach,AEO
Air Link Airways,ALK
Million Air,BFG
Helitrans,HEL
La Helicopter,LAH
Omniflight Helicopters,OMH
Reeves Air,RVA
Compania Panamena (Copa),CM
Zas Airline Of Egypt,ZAQ
Polar International,POL
Hemisphere Air Charter,XDC
Airways International,AIT
Chicago Airlines,CGA
Royal West Airlines,YM
Airpac Inc.,XYZ
Aerovias Venezolanas-Avensa,VE
Cathay Pacific Airways Ltd.,CX
Galena Air Service,GAL
Stateswest Airlines,STW
Executive Transport,EXR
Propheter Aviation,PRP
Wise Airlines Inc.,WAI
Haines Airways,HNS
Great American Airways,FDQ
Air Puerto Rico Airlines,FD
Viacao Aerea Sao Paulo,VP
Delta Air Lines Inc.,DL
All Nippon Airways Co.,NH
International Parcel Express Inc.,XDD
Anglo Airlines Ltd.,AZQ
Midcontinent Airlines,MDC
Malaysian Airline System,MH
Pilgrim Aviation & Airlines,PMT
Florida Express Inc.,ZO
Orion Air,OPQ
Nationair,NAQ
Air Cape,APE
Lake Coastal,LCT
Mst Aviation,MTV
First Air,7F
Transportes Aereos De Cabo,VR
American Airlines Inc.,AA
Air Charter Systems (Acs),WAQ
Helitac Aviation,HET
Belize Air International Ltd.,BM
Highland Express Airways,VY
Mid Pacific Airlines Inc.,MPA
Aero Tranportes Panamenos,ATQ
Millon Air Inc.,LBQ
Air Caribe International,ARB
Air South (1),ASU
Air South,ASH
Bangor International Air,BAN
Chester County Aviation,CCO
East Coast Airways,ECR
Hub Express,HEP
Tropical Helicopter Airways,THA
Turk Hava Yollari A.O.,TK
Piedmont Aviation Inc.,PI
Air Train Inc.,XDE
Haiti Air Freight Intl,HFQ
Ketchikan Air Service,KET
Salair Inc.,XDF
Npa Inc.,NAP
Air America,GM
Time Air Ltd.,KI
Nippon Cargo Airlines,KZ
Seagull Air Service,SEG
Nasville Eagle,NAS
Aleutian Air,ALU
Custom Air Service,CUS
GCS Air Service,GSC
Golden State Airlines,GST
Springdale Air,SPG
Sportsman Flying Service,SPR
Saeta Airlines,EH
Aerolineas Mundo,MUQ
Tropical Airways Inc.,GG (1)
Grenada Airways Ltd.,GG (2)
Mid Pacific Air Corp.,MPC
Exec Express II,EET
Taquan Air Service,TAQ
Chartair,CTR
Laredo Air,LAR
Qwest Commuter,QWE
Tri Air Freight,TAF
Wra Inc.,WRA
Zambia Airways Corp.,Q2
Swissair Transport Co. Ltd.,SR
Airlift International,ARD
Pacair,PCR
Bradley Air Services Ltd.,BCQ
Corse Air International,CYQ
Iraqi Airways,IA
Monarch Airlines,ZB
Vacationair,VAQ
Lineas Aereas La-Tur Sa,LUQ
Holidair Airways,HOQ
Aerovias S.A.,AOQ
Alas De Transporte International,APQ
Transamerica Airlines Inc.,TV (1)
Haiti Trans Air,TV
Canadian Aviation Express,CWQ
Japan Air System Co. Ltd.,JD (1)
Manhattan Express,MEA
Britannia Airways Ltd.,BY
Aero Freight,AEF
Panama Aviation,PNM
Welch Aviation,WLH
Austrian Airlines,OS
Air Transport International,8C
Aero California,JR
Heritage Airlines,HRG
Kitty Hawk Air Cargo,XDH
Columbia Pacific Airlines (1),EXA
Columbia Pacific Airlines,CLB
Central States Air Lines,CSL
Mohawk Airlines,MHK
Skymaster,SYM
Novair International Airways Ltd.,NVQ
TPI International Airways,TSQ
Universal Airlines Inc.,UTQ
Aruba Cargo,IPQ
Latcr,LCQ
Transcarga,TDQ (1)
Venexcargo,TDQ
Aeroejecutivos C.A.,EJQ
Aeropuma,PUQ
Aeronautica De Cancun,ACQ
Aerovias Colombianas Arca,ARQ
Zuliana De Aviacion,ZUQ
Interamericana De Aviacion,ITQ
Fast Air Carrier Ltd.,UD
Lineas Aereas Mayas (Lamsa),MYQ
Emery Worldwide Airlines,TNQ
Hong Kong Dragonair,KA
Air Marshall Islands Inc.,CW
Blue Bell Inc.,BUQ (1)
Wrangler Aviation Inc.,BUQ
Conquest Airline Corp.,CQI
Air Southeast,ATH
California Air Shuttle,CLF
Northcoast Executive,NCE
Scott Aviation,SCN
Trans Air (Hawaii),TXE
Air Belgium,BEQ
Aerolineas Latinas,LNQ
Air Aruba,FQ
Cayman Airways Limited,KX
Belize Trans Air,4H
Air Liberte,LRQ
Sea Air Shuttle,SAH
Primeras Lineas Uruguays For International,PU
United Parcel Service,5X
Gulf Air Taxi,GAT
Adirondack Airlines,ADR
Corporate Air,CRP
Drummond Island Air,DIA
Gulf Flite Center,GFC
Lapsa,LAP
L'Express,LEX
Travelair,TVL
Valley Air Services,VAS
Aerosur (1),ASQ
Central American Airlines,GW (1)
Charter One,CHT
Alaska Airlines Inc.,AS
Regal Air,2R
Apa International Air S.A.,7P
Air New Zealand,NZ
Das Air Cargo,SE (1)
Star Aviation,SRA
Territorial Airlines,TRR
Loken Aviation,LKN
Dawn Air,DWN
Flying Boat,FYB
Caraven S.A.,CVQ
Trans Europ. Airways France,EFQ
General Air Cargo,GCQ
Allied Airlines,ALD
Airvantage,AVG
Chicago Air Taxi,CGO
Great Western Aviation,GWA
Paradise Island Airlines,PRD
Redwing Airways,RDW
Lauda Air Luftfahrt Ag,NG
Flagship Express Services,9R
Braniff International Airlines Inc.,BE
Carnival Air Lines Inc.,KW
Transportes Aereos Mercantiles Panamericanos S.A,QT
Japan Air Charter Co. Ltd.,JZ
Affretair,ZL
Servicios Avensa,VC
Mcclain Airlines Inc.,MU (1)
China Eastern Airlines,MU
Dulles Express,DUL
Skybus Express Airlines,SYB
Air Transat,TS
Hawaii Pacific Air,XAH
World Air Network,WL (1)
Island Express,IPS
Rocky Mountain Helicopters,RMH
Sierra Nevada Airways,SNV
Trans World Express,TWE
Arizona Pacific Airways,AZP
International Cargo Xpress,XPQ
Northeast Express Regional (1),NER
Northeast Express Regional,NEX
Av Atlantic,HCQ
Aerotour Dominicano Cxa,RTQ
Aero Uruguay (1),ROQ
Aero Uruguay,URQ
Air North,4N
United Air Lines Inc.,UA
Air Alpha,AHA
Alliance Air,AIY
Florida Air,FLA
Patriot Airlines Inc.,PAQ
USAir Shuttle,TB (1)
Key Airlines Inc.,ZN
Translift Airways Limited,FB
Turks Air Ltd.,KTQ
Turks Air Ltd. (1),BHQ
Advantage Airlines,ADV
Air West Airlines,AWA
Keene Airways,KEA
Sky One Express,SOE
America West Airlines Inc.,HP
Hispaniola Airways,ZS
Airmark Airlines Inc.,AKQ
Reno Air Inc.,QQ
Aces Airlines,VX (1)
Nicaraguense De Aviacion Sa,6Y
Jet America Airlines Inc.,SI (1)
Sierra Pacific Airlines,SI
South Pacific Island Airway,SOP
Time Air Sweden Ab,HK
Tranps Aereos Guatemaltecos,TGQ
Morris Air Corporation,KN
Balkan Bulgarian Airlines,LZ
Cal Air International Ltd.,BR (1)
Eva Airways Corporation,BR
Capitol Air Express Inc.,CPQ
Atlas Air Inc.,5Y
Ram Aviation,RMV
Eclipse Airlines,ECL
Aero Transcolombiana,CLQ
Air Casino,ASN
Express Airlines II,EXP
Rader Aviation,RDR
Trans American Charter,ECQ
Export Air Del Peru S.A.,EXQ
Lineas Aereas Allegro,LGQ
Continental Micronesia,CS
J.D.Valenciana De Aviation,V5
Private Jet Expeditions,5J (1)
Eagle Airlines,V9
Eagle Airlines (1),ECA
Leisure International Airways Ltd.,LZQ
Malev Hungarian Airlines,MA
Serv. Aerolineas Mexicanas,SMQ
Lineas Aereas Suramerican,LSQ
Quassar De Mexico,OMQ
Oasis International Airlines S.A.,OB
Aerochago S.A.,G3 (1)
Transp. Aereos Ejecutivos,GD
Aerolineas Uruguayas S.A.,UYQ
People Express Airlines Inc.,PE (1)
Air Europe S.P.A.,PE
UFS Inc.,U2
Pacific International Airlines,PIQ
Air Florida Express,AFE
American Flight Group,AFG
Aviation Sales,AVL
Business Helicopters,BUH
Four Star Aviation,FRS
Sky-Jet,SKJ
Salair,SLR
Southern Air Transport Inc.,SAQ
Air Ukraine,6U
Aeromonterrey S.A.,7M
Biman Bangladesh Airlines,BG
Air Wisconsin Airlines Corp,ZW
Caribair,CRB
Gorda Aero Service,GRA
Western Air Lines Inc.,WA (1)
Worldwide Airlines Services,WA
USAfrica Airways Inc.,E8
Skyjet S.A.,SBQ
Servicio Aereo Leo Lopez,8L
Gulf Air Transport Inc.,GF (1)
Gulf Air Company,GF
Antigua Paradise Airways,PDQ
Evergreen International Inc.,EZ
Air Pacific Ltd. (1),FJ (1)
Air Pacific Ltd.,FJ
Air South Inc. (1),WV (1)
Air South Inc.,ASC
Island Air Charters,ICH
Pacificair,PFA
Ghana Airways Corporation,GH
Sky Service F.B.O.,SEQ
Advance Air Charters,AAQ
Mahalo Air,MHO
Capitol Air,CPT
Dolphin Express,DXA
Grand Airways Inc.,QD
Jetall Airways,8J
Scanair,SIQ (1)
Premiair,SIQ
Renown Aviation,REQ
Aeromar C. Por A.,BQ
Texas Airways,TXY
Halisa Air,WD
Western Pacific Airlines,W7
Brasair Transportes Aereos,BTQ
Uzbekistan Airways,HY
Downeast Flying Service,DFS
Pine State Airlines,PNS
Sunshine Airlines,SUA
Aspen Airways Inc.,APN
Aeromexpress,QO
Tristar Airlines Inc.,T3
Sierra Expressway,SXP
Tower Air Inc.,FF
Serv De Trans Aereos Fuegui,FS
Royal Air,QN
Krasair,7B
Merlin Express,MLX
Custom Air Transport,CTQ
Jettrain Airlines,LF (1)
World Airways Inc.,WO
Mexicargo,GJ (1)
Prestige Airways,OI
Eagle Jet Charter,EGJ
Laker Airways Inc.,6F
Polar Air Cargo Airways,PO
Southern Frontier Air Trans,SFQ (1)
Pacific International Airlines Inc.,SFQ
North East Cargo Airlines,NEQ
Transaero Airlines,UN
Ecuatoriana De Aviacion,EU
Sunworld International Airlines,SM
Federal Express Corporation,FX
Northern Air Cargo Inc.,NC
Blue Scandinavia Ab,TRQ
Antonov Company,ADB
DHL Aero Expresso,DHQ
Maverick Airways,MAV
Golden West Airlines Inc.,GDW
Air Caribbean (1),XC
Air Caribbean,AIC
Canada 3000 Airlines Ltd.,2T
Sobelair,Q7 (1)
Air Illinois Inc.,UX (1)
Air Europa,UX
Condor Flugdienst,DE
Air Atlantic Dominicana,LU
Mountain Air Express,MTX
Aeroejecutivo S.A.,SX (1)
City Bird,H2
Panagra Airways,PNQ
Laker Airways,GKQ
Lb Limited,7Z
Flying Colours Airlines Ltd.,MT (1)
Sky Trek International Airlines,1I
M & N Aviation,MNA
Jim Air Inc.,JMA
Cascade Airways Inc.,CZ (1)
China Southern Airlines,CZ
Jamaica Air Freighters,JAQ
Nacnet,NET
Magadan Airlines,H5
Sunworld International Airways Inc.,JK (1)
Spanair S.A.,JK
Air Atlanta Inc.,CC (1)
Air Atlanta Icelandic,CC
Austin Express Inc.,AUX
Flagship Airlines Inc.,8N
Kiwi International,KP
Transportes Aereos Nacional,TX (1)
Soc.Nouvelle Air Guadeloupe,TX
Sun Pacific International,SPQ
TransMeridian Airlines,T9
Martinair Holland N.V.,MP
Florida West Airlines Inc.,PRQ
Harlequin Air Corporation,HQQ
Amerijet International,M6
Aviacsa Airlines,6A
Ethiopian Airlines,ET
Airbus Transport Internat'l,BGQ
Aeropostal Alas De Venezuel,VH
ABSA-Aerolinhas Brasileiras,M3
Swiss World Airways,SO
Av Center Inc.,AVC
Express Air d/b/a Sunrise,XPA
Braniff Inc.,BN (1)
Britannia Airways GmbH,BN
Air Tahiti Nui,TN
Translux Intl Airlines,LXQ
Accessair Holdings,ZA
Queen Air,5G (1)
Gulf And Caribbean Cargo,GFQ
Transportes Aeros Meridiona,JJ
Eastwind Airlines Inc.,W9
Lynden Air Cargo Airlines,L2
Mesaba Airlines,XJ
American International Airways Inc.,NI (1)
Lanica,NI
Kitty Hawk International,CDQ
Air Ketchum Idaho Inc.,AIK
Luxair,LG
National Airlines,N7
Asia Pacific,PFQ
Lorair Ltd.,LOQ
TUIfly Nordic A.B.,6B
Trans International Express,TIE
Lapa-Lineas Aereas Privadas,MJ
Czech Airlines,OK
Novair Airlines Ab,NOQ
Jalways Co. Ltd.,JO
Sterling Cargo,NB
The Hawaii Express Inc.,LP (1)
Lan Peru Airlines,LP
Aero Continente,N6
Southern Air Inc.,9S
Fine Airlines Inc.,FNQ
Vanguard Airlines Inc.,NJ
Gemini Air Cargo Airways,GR
Arrow Air Inc.,JW
Sky Lease Cargo,WI
Air Malta,KM
Casino Airlines (1),CSN
Casino Airlines,CSA
Farwest Airlines,FRW
C.A.L Cargo Airlines,5C
Ameristar Air Cargo,AMQ
Chicago Express Airlines,C8 (1)
Falcon Air Express,FCQ
Champion Air,MG
Aeromaritime,OV
Jazz Aviation LP,QK
XTRA Airways,XP
Taca Peru,TQQ
Air Japan Co,NQ
Privatair,PBQ
Trans World Airways LLC,TW
Sunair Express LLC,SUX
Polyot Airlines,POQ
Avia Leasing Company,AD (1)
Best Airlines Inc.,IW (1)
Air Liberte Aka Aom Minerve,IW
Air Excursions LLC (1),AEX
Express One International Inc.,JKQ
Village Aviation,VLA
Air 21,A7 (1)
Air Comet S.A.,A7
Estafeta Carga Aereas,E7
F.S. Air Service,FSA
Katmai Air,KAT
Peninsula Airways Inc.,KS
Spernak Airways Inc.,SNK
Vensecar International,V4
Suncoast Airlines Inc.,WS (1)
Westjet,WS
Lineas Aereas Azteca,ZE (1)
Dutch Caribbean Airlines,K8
Cielos De Peru,A2
Swiss International Airlines,LX
Edelweiss Air Ag,8R
Conner Air Lines Inc.,4S (1)
Sol Air (Aero Hunduras),4S
Trans States Airlines,AX
Southern Wind Airlines,A4
All Canada Express,CEQ
Ccair,SNB
Sunrise Airlines Inc.,ASW
North Vancouver Air,NXQ
Valujet Airlines Inc.,J7
Potomac Air,POA
Great Plains Airlines Inc.,TRI
Atlantic Coast Jet Inc.,ACJ
Rio Grande Air,EWA
Wilburs Inc.,8F
Nevis Express,NVX
Aerolitoral,5D
Westair Airlines Inc.,OE
Pacific Island Aviation,9J
Cape Air,9K
Colgan Air,9L
Central Mountain Air,9M
Arizona Airways,ARZ
Bemidji Airlines,CH
Big Sky Airlines Inc.,GQ
European Aviation Air Charter,E72
Worldwide Airlines Inc.,WLQ
Ellis Air Taxi Inc.,ELL
Empire Airlines Inc. (1),UR
Empire Airlines Inc.,EM
Empire Airlines Inc. (2),EMP
Freedom Airlines d/b/a HP Expr,F8
G5 Executive Ag,GBQ
Grand Canyon Helicopters,GCH
Global Supply System,GSQ
Allegheny Airlines,HRZ
Helijet International Inc.,JB
Winair Inc.,WNQ
Kenmore Air Harbor,KAH
New England Airlines Inc.,NEW
Northwest Seaplanes,NWS
Ozark Air Lines Inc. (1),OZ (1)
Ozark Air Lines Inc.,OZA
Asiana Airlines Inc.,OZ
Mytravel Airways,RNQ
Air-Serve,RSV
Seaborne Aviation,SEB
Mountain Bird/Salmon Air,S6 (1)
Samoa Aviation Inc.,SMO
Trans Continental Airlines,YB
Express.Net Airlines,TCQ
Ward Air,WRD
Vintage Props & Jets Inc.,VQ
Island Air Hawaii,WP
Trans International Airlines Inc.,TFQ
Friday Harbor Seaplanes,WST
Air St. Thomas,ZP
Air Midwest Inc.,ZV
Airbc Ltd.,ZX (1)
Air Georgian,ZX
Jetsgo,SG
Midway Airlines Inc. (1),ML (1)
Aero Costa Rica,ML
Midway Airlines Inc.,JI (1)
Jes Air Ltd.,JX (1)
Southeast Airlines,JX
Pacific Wings Airlines,LW
Kar-Air Oy,KR (1)
Kitty Hawk Aircargo,KR
Nolinor Aviation,NLQ
SkyWest Airlines Inc.,OO
Pace Airlines,PCQ
Challenge Air Transport Inc.,VV (1)
Challenge Air International Inc.,VV (2)
Centurion Cargo Inc.,WE
Aerosvit Ukranian Airlines,VV
"Caribbean Sun Airlines, Inc. d/b/a World Atlantic Airlines",WL
Jet Connection Businessflight Ag,JCQ
ATA Airlines d/b/a ATA,TZ
Cargojet Airways Ltd.,W8
"Midwest Airline, Inc.",YX (1)
Bellair Inc. (1),7G (1)
Bellair Inc.,5B
MK Airlines Ltd.,7G
Olson Air Service,4B (1)
Smokey Bay Air Inc.,2E
Frontier Flying Service,2F
British Airtours Limited,4E
Tanana Air Service,4EQ
Warbelow,4W
Yute Air Aka Flight Alaska,4Y
Arctic Circle Air Service,5F
Cape Smythe Air Service,6C
Era Aviation,7H
Inland Aviation Services,7N
Skystar International Inc.,7S (1)
Arctic Transportation,7S
Bering Air Inc.,8E
Baker Aviation Inc.,8Q
Wright Air Service,8V
Thomas Cook Airlines Uk Ltd.,MT
Boston-Maine Airways,E9
Hageland Aviation Service,H6
Kalinin Aviation LLC d/b/a Alaska Seaplanes,J5
Larrys Flying Service,J6
L.A.B. Flying Service Inc.,JF
"Seaport Airlines, Inc.",K5
Alaska Central Express,KO
40-Mile Air,Q5
Airlift International Inc.,RD (1)
Ryan International Airlines,RD
Regency Air,RGQ
Iliamna Air Taxi,V8
Pro Air Inc.,P9
Lan Ecuador,XL
Promech,Z3 (1)
Lan Dominica,4M (1)
Primaris Airlines Inc.,FE
Westward Airways Inc.,WAW
"Dynamic Aviation, Inc. d/b/a Beacon",8D
Aerodynamics Inc. d/b/a SkyValue d/b/a SkyValue Airways,AJQ
US Airways Inc.,US
Skyway Airlines,AL
"Astar USA, LLC",ER
Great Lakes Airlines,ZK
Triair Bermuda Flt Operations,TBQ
Sata Internacional,S4
Valley Air Express Inc.,2U
China Cargo Airline,CK
Endeavor Air Inc.,9E
Canjet Airlines,C6
Aviation Concepts,CZQ
ExpressJet Airlines Inc.,EV
Freedom Air,FRA
Allegiant Air,G4
Kalitta Air LLC,KAQ
Reliant Airlines,RLQ
Kalitta Charters II,KLQ
Propair,PPQ
ExpressJet Airlines Inc. (1),XE
First Choice Airways,TZQ
"Mn Aviation, Inc.",W4
Omni Air International LLC,X9
Mesa Airlines Inc.,YV
Zantop International,ZKQ
SkyLink Express Inc.,PEQ
Air Atlanta Europe,EUQ
Victory Air Transport Inc.,VCQ
Venture Travel LLC d/b/a Taquan Air Service,K3
Pan American World Airways (1),PA (1)
Air Panama Internacional,OP (1)
Pan American World Airways,PA (2)
Pan American Airways Corp.,PN
Flying Boat Inc.,OP
Florida Coastal Airlines,PA
Belair Airlines Ltd.,4T
Israir Airlines,6H
Emirates,EK
Business Express,HQ (1)
Harmony Airways,HQ
Sociedad Aeronautica De Med,MM (1)
Euro Atlantic Airways,MM
PSA Airlines Inc.,OH
Envoy Air,MQ
Planet Airways,PLQ
Capital Cargo International,PT (1)
Silver Airways,3M
Miami Air International,GL
Discovery Airways Inc.,DH (1)
Independence Air,DH
National Air Cargo Group Inc d/ba National Airlines,N8
NetJets Large Aircraft Company L.L.C.,BNQ
"Regions Air, Inc.",3C
Tatonduk Outfitters Limited d/b/a Everts Air Alaska and Everts Air Cargo,5V
JetBlue Airways,B6
Celtic Tech Jet Ltd.,CSQ
Arizona Express,K7
Nations Air Express Inc.,N5 (1)
Skagway Air Service,N5
Executive Airlines,OW
North American Airlines,NA
Spirit Air Lines,NK
Comair Inc.,OH (1)
Chautauqua Airlines Inc.,RP
Aerolineas Nicaraguenses,RL (1)
UltrAir,RL
Sky King Inc.,SLQ
Sun Country Airlines d/b/a MN Airlines,SY
USA 3000 Airlines,U5
"Grand Canyon Airlines, Inc. d/b/a Grand Canyon Airlines d/b/a Scenic Airlines",YR
Viscount Air Service Inc.,VIQ (1)
Vieques Air Link Inc.,VI
Piedmont Airlines,PT
Volga-Dnepr Airlines,VIQ
Aero Laguna S.A. De C.V.,AVQ
Aerodan S.A. De C.V.,AYQ
Aero Rentas De Coahuila S.A. De C.V.,BAQ
Aerotaxis De Aguascalientes S.A. De C.V.,BDQ
Servicios Aeronauticos Z S.A. De C.V.,BIQ
Taxirey S.A. De C.V.,BJQ
Frontier Airlines Inc. (1),FL (1)
Frontier Airlines Inc.,F9
AirTran Airways Corporation,FL
Air Club International,HB (1)
Homer Air,HB
Lineas Aereas Del Caribe,LC (1)
Legend Airlines,LC (2)
Varig Logistica S/A,LC
Island Air Service,2O
Excel Airways,JN
"Commutair Aka Champlain Enterprises, Inc.",C5
Aerotransportes Mas De Crga,M7
USA Jet Airlines Inc.,U7
Shuttle America Corp.,S5
Aero-Services-Corporate,WEQ
Omega Air Holdings d/b/a Focus Air,F2
Transmile Air Service,TH
Republic Airlines,YX
ABX Air Inc,ABX
"EOS Airlines, Inc.",E0
Grant Aviation,GV
Air Foyle Limited,GS
GoJet Airlines LLC d/b/a United Express,G7
Morningstar Air Express,MOQ
MAXjet,MY
"Abaco Air, Ltd.",BZQ
Challenge Air Luftverkehrs GmbH,CAQ
"PM Air, LLC",Z3
Harris Air Services,HBQ
Tyrolean Jet Service,TIQ
"Executive Airlines, SL",EAQ
Titan Airways,02Q
TUI Airlines Nederland B.V.,OR
Aerounion Aerotransporte de Carga Union SA de CV,6R
"Cargo 360, Inc.",GG
Globespan Airways Limited d/b/a Flyglobespan,Y2
Arrow Panama,WAP
Tradewind Aviation,04Q
LAN Argentina,4M
US Helicopter Corporation,UH
"Comlux Aviation, AG",05Q
"NetJets Transportes Aereos, S.A.",NJE
Etihad Airways,EY
"Pacific Airways, Inc.",3F
Flyjet Limited d/b/a Silverjet,Y7
"TravelspanGT, Inc. S.A.",9T
Zeal 320,37
Elysair d/b/a L'Avion,A0
ANA & JP Express Co. Ltd.,9N
VistaJet Luftfahrtunternehmen GmbH,VSA
Master Top Linhas Aereas Ltd.,06Q
JetClub AG,0J
Flair Airlines Ltd.,07Q
"Avior Airlines, C.A.",9V
Flying Service N.V.,0Q
"Master Top Linhas Aereas, Ltda.",Q4
"Global Jet Austria, GmbH",IGA
"Global Jet Luxembourg, Sa",SVW
"Swift Air, LLC",09Q
Compass Airlines,CP
Virgin America,VX
"Skybus Airlines, Inc.",SX
"Skyservice Airlines, Inc.",5G
DCA,0BQ
Eurofly S.p.A,GJ
ACM AIR CHARTER GmbH,0CQ
Jade Cargo International,JI
CAT Aviation,CAZ
"Inter Island Airways, d/b/a Inter Island Air",0GQ
Polar Airlines de Mexico d/b/a Nova Air,0HQ
Lynx Aviation d/b/a Frontier Airlines,L3
Vladivostok Air,XF
"Porter Airlines, Inc.",PD
Sunwing Airlines Inc.,WG
Vision Airlines,0JQ
"Mokulele Flight Services, Inc.",MW
Star Air A/S,S6
"Metropix UK, LLP.",0LQ
"Multi-Aero, Inc. d/b/a Air Choice One",0MQ
"Santa Barbara Airlines, C.A",S3
Jet Airways (India) Limited,9W
Qatar Airways (Q.C.S.C),QR
Yangtze River Express Airlines Company,Y8
Hainan Airlines Company Limited,HU
JetAlliance Flugbetriebs d/b/a JAF Airservice,JAG
Open Skies,0OQ
Aeromexico Travel,TRA
Pan American World Airways Dominicana,7Q
TAG Aviation S.A.,FP
TAG Aviation (UK) Ltd.,0QQ
TAG Aviation Espana S.L.,0RQ
"Air Greco, Inc., d/b/a Wings Air",WV
"Corporatejets, XXI",0TQ
Aerosur,5L
Great Wall Airlines Company Limited,IJ
"Comlux Malta, Ltd.",0UQ
"Aeroenlaces Nacionales, S.A. de C.V. d/b/a VivaAerobus",VB
Ocean Sky (UK) Limited,0VQ
Concesionaria Vuela Compania De Aviacion SA de CV (Volaris),Y4
Avjet Corporation,0WQ
Jetstar Airways Pty Limited,JQ
Air Berlin PLC and CO,AB
XL Airways France,SE
Aeroservices Executive,BES
Lan Colombia,L7
Comlux Malta Ltd.,0YQ
Air Excursions LLC,X4
Virgin Blue International Airlines t/a V Australia,VA
"Prescott Support Company, Inc.",PM
Acropolis Aviation Ltd.,CRV
Swiss Air Ambulance,10Q
Insel Air International B V,7I
Jin Air Co Ltd.,LJ
Jet Aviation Business Jets AG,PP
Unijet,12Q
AeroLogic GmbH,3S
Meridiana S.p.A,IG
Corsair International,SS
Chartright Air Inc.,13Q
Hapag-Lloyd Executive GmbH,EXC
London Air Services Limited,14Q
Air Alsie A/S,15Q
Albinati Aeronautics SA,17Q
Skymark Airlines Inc.,BC
Aerovias de Intergracian Regional,4C
Arik Air International,W3
Via Airlines d/b/a Charter Air Transport,1AQ
AirBridgeCargo Airlines Limited,RU
"Dynamic Airways, LLC",1BQ
Island Airlines LLC,1DQ
Aerolineas Galapagos S A Aerogal,2K
"Travel Service, a.s.",QS
"KaiserAir, Inc.",1EQ
Alsek Air,1FQ
Transportes Aeromar S.A de C.V,VW
Air Finland Ltd.,OF
International Jet Management GmbH,1HQ
Jet link AG,1IQ
TUI Airlines Belgium N.V. d/b/a Jetairfly,TB
Sichuan Airlines Co Ltd.,3U
Exec Direct Aviation Services Limited,1JQ
Brussels Airlines N.V.,SN
VistaJet Limited,VJT
Lauda Motion GmbH,LDM
Star Marianas Air Inc.,1SQ
Bertelsmann Aviation GmbH,1LQ
Air Company Yakutia,R3
Rhoades Aviation dba Transair,1TQ
ABC Aerolineas SA de CV dba Interjet,4O
Norwegian Air Shuttle ASA,DY
Cargolux Italia SpA,C8
"Reeve Air Alaska, LLC",RVQ
Tame Linea Aerea del Ecuador Tme EP,EQ
Twin Cities Air Service LLC,1MQ
Gainjet Aviation SA,1UQ
Jeju Air Co Ltd.,7C
Scott Air LLC dba Island Air Express,I4
Ultimate JetCharters LLC dba Ultimate Air Shuttle,1WQ
JSC The 224th Flight Unit State Airlines,1NQ
WOW Air ehf,WW
Boutique Air,4B
Dassault Falcon Service,1XQ
VRG Linhas Aereas S A,G3
Fly Jamaica Airways Limited,OJ
Ukraine International Airlines,PS
Air Canada rouge LP,RV
Sky Regional Airlines Inc.,RS
Makani Kai Air Charters,1PQ
City Wings Inc dba Seaflight,1QQ
"Air Charter, Inc d/b/a Air Flamenco",1YQ
Sun Air Express LLC dba Sun Air International,1RQ
SkyBahamas Airlines Ltd.,Q7
Jet2.com,LS
Dreamjet SAS Dba La Compagnie,B0
Western Global,KD
Comlux Aruba NV,1ZQ
Orange Air,20Q
Aloha Air Cargo,KH
CFM Inc d/b/a Contour Airlines,LF
Gem Air LLC,22Q
Azul Linhas Aereas Brazileiras S A,AD
Songbird Airways Inc.,23Q
Blue Jet SP Z o o,24Q
SkyGreece Airlines S A,GW
Mjet GmbH,25Q
Eastern Airlines Group Inc.,EE
Albinati aviation Limited,26Q
"Jet Aviation Flight Services, Inc.",27Q
Menagerie Enterprises Inc d/b/a Monarch Air,28Q
Erickson Helicopters,29Q
ABS JETS A.S,2AQ
Air Asia X Berhad dba Airasia X,D7
Air Busan,BX
Air Medical Ltd.,2BQ
Oceanair Linhas Aereas S A,O6
Aviation Partners of Boynton Beach LLC d/b/a Hummingbird Air,2DQ
Fast Colombia SAS d/b/a Viva Colombia,FC
Inselair Aruba NV,8I
"J&M Alaska Air Tours, Inc. d/b/a Alaska Air Transit",2EQ
Compagnie Aerienne Inter Regionale Express dba Air Antilles Express & Air Guyane,3SD
Cebu Air Inc d/b/a Cebu Pacific Air,5J
Azerbaijan Airlines CJSC,J2
Cavok Air LLC,2GQ
Silk Way West Airlines,7L
Orenburg Airlines,R2
WestJet Encore Ltd.,WR
Hong Kong Airlines Limited,HX
Elite Airways LLC,2HQ
Delux Public Charter LLC,2JQ
Eurowings GmbH,EW
Abelag Aviation AG,AAB
Longtail Aviation Ltd.,2KQ
Air Serbia,JU
Tropic Ocean Airways LLC,2LQ
LIMA NY Corp d/b/a Fly The Whale d/b/a Tailwind,2NQ
Talofa Airways Limited,2OQ
21 Air LLC,2PQ
Luxaviation S A,2RQ
Trans Northern Airways d/b/a Air Unlimited Charter Services,2TQ
"Xiamen Airlines Co., Ltd.",MF
"Air Philippines Corp d/b/a Airphil Express, Philippines Airlines",2P
Cargologicair Limited,P3
Eastar Jet Co Ltd.,ZE
Hong Kong Express Airways Limited,UO
"Maine Aviation Aircraft Charter, LLC",0FQ
Svenskt Industriflyg AB,2UQ
"Paklook Air, Inc d/b/a/ Airlift Alaska",K2
Beijing Capital Airlines,JD
Norwegian Air International Ltd.,D8
"Public Charters, Inc. d/b/a North Country Sky d/b/a Regional Sky d/b/a Texas Sky",30Q
"Polaris Aviation Solutions, LLC",34Q
Scoot Tigerair Pte Ltd d/b/a Scoot,TR
